№,name,url
1,Ноутбук DEXP Aquilon серебристый,https://www.dns-shop.ru/product/48b658653727ed20/141-noutbuk-dexp-aquilon-serebristyj/
2,Ноутбук DEXP Aquilon серый,https://www.dns-shop.ru/product/48b658663727ed20/156-noutbuk-dexp-aquilon-seryj/
3,Ноутбук DEXP Aquilon C14-ICP301 серебристый,https://www.dns-shop.ru/product/2adf8d733c06ed20/14-noutbuk-dexp-aquilon-c14-icp301-serebristyj/
4,Ноутбук DEXP Aquilon C15-ICP301 серебристый,https://www.dns-shop.ru/product/818dbc903c02ed20/156-noutbuk-dexp-aquilon-c15-icp301-serebristyj/
5,Ноутбук Chuwi GemiBook Xpro серый,https://www.dns-shop.ru/product/4d68884b2a0fd9cb/141-noutbuk-chuwi-gemibook-xpro-seryj/
6,Ноутбук DEXP Aquilon C14-ICW400 серый,https://www.dns-shop.ru/product/30d8eb2f934e252a/141-noutbuk-dexp-aquilon-c14-icw400-seryj/
7,Ноутбук DEXP Aquilon C15-ICW400 серый,https://www.dns-shop.ru/product/2a6e7cdef95f3896/156-noutbuk-dexp-aquilon-c15-icw400-seryj/
8,Ноутбук Acer Gadget E10 ETBook Plus серый,https://www.dns-shop.ru/product/1e36a67a0b66d9cb/156-noutbuk-acer-gadget-e10-etbook-plus-seryj/
9,Ноутбук Lenovo V15 G2 IJL черный,https://www.dns-shop.ru/product/2fc1ca528698d9cb/156-noutbuk-lenovo-v15-g2-ijl-cernyj/
10,Ноутбук Lenovo V15 G2 IJL черный,https://www.dns-shop.ru/product/882f5f6e2fa1d582/156-noutbuk-lenovo-v15-g2-ijl-cernyj/
